Use [TicketBook];
GO

SET identity_insert [User] ON
INSERT INTO [User] ([Id], [Email], [FirstName], [LastName], [FirebaseUserId]) VALUES (1, 'b@b.com', 'Ben', 'Shelton', '853PrLnMZKQyhiUK2HhmmCHd84K2');
INSERT INTO [User] ([Id], [Email], [FirstName], [LastName], [FirebaseUserId]) VALUES (2, 's@s.com', 'Steve', 'Rogers', 'fTOOaLdG9mg2FUxOPR8Nsn4swhN2');
INSERT INTO [User] ([Id], [Email], [FirstName], [LastName], [FirebaseUserId]) VALUES (3, 'j@j.com', 'James', 'Barnes', 'X8layiFPeIa5Ua4F1Fx9E6vrIws1');
SET identity_insert [User] OFF

SET identity_insert [Sport] ON
INSERT INTO [Sport] ([Id], [Name], [ImageLocation]) 
VALUES (1, 'Baseball', '/Logos/Sports/Baseball.png'), (2, 'Basketball', '/Logos/Sports/Basketball.png'), (3, 'Football', '/Logos/Sports/Football.png'), (4, 'Hockey', '/Logos/Sports/Hockey.png'), (5, 'Soccer', '/Logos/Sports/Soccer.png')
SET identity_insert [Sport] OFF

SET identity_insert [League] ON
INSERT INTO [League] ([Id], [Name], [Abbreviation], [Logo], [SportId]) 
VALUES (1, 'Major League Baseball','MLB', '/Logos/Leagues/MLB.png', 1), (2, 'Major League Soccer', 'MLS', '/Logos/Leagues/MLS.png', 5), (3, 'National Basketball Association', 'NBA', '/Logos/Leagues/NBA.png', 2), (4, 'National Football League', 'NFL', '/Logos/Leagues/NFL.png', 3), (5, 'National Hockey League', 'NHL', '/Logos/Leagues/NHL.png', 4)
SET identity_insert [League] OFF

SET identity_insert [Team] ON
INSERT INTO [Team] ([Id], [Name], [Abbreviation], [Location], [Logo], [LeagueId]) VALUES (1, 'Arizona Diamondbacks', 'ARI', 'Phoenix, Arizona', '/Logos/MLB/ArizonaDiamondbacks.png', 1);
INSERT INTO [Team] ([Id], [Name], [Abbreviation], [Location], [Logo], [LeagueId]) VALUES (2, 'Atlanta Braves', 'ATL', 'Atlanta, Georgia', '/Logos/MLB/AtlantaBraves.png', 1);
INSERT INTO [Team] ([Id], [Name], [Abbreviation], [Location], [Logo], [LeagueId]) VALUES (3, 'Baltimore Orioles', 'BAL', 'Baltimore, Maryland', '/Logos/MLB/BaltimoreOrioles.png', 1);
INSERT INTO [Team] ([Id], [Name], [Abbreviation], [Location], [Logo], [LeagueId]) VALUES (4, 'Boston Red Sox', 'BOS', 'Boston, Massachusetts', '/Logos/MLB/BostonRedSox.png', 1);
INSERT INTO [Team] ([Id], [Name], [Abbreviation], [Location], [Logo], [LeagueId]) VALUES (5, 'Chicago Cubs', 'CHC', 'Chicago, Illinois', '/Logos/MLB/ChicagoCubs.png', 1);
INSERT INTO [Team] ([Id], [Name], [Abbreviation], [Location], [Logo], [LeagueId]) VALUES (6, 'Chicago White Sox', 'CHW', 'Chicago, Illinois', '/Logos/MLB/ChicagoWhiteSox.png', 1);
INSERT INTO [Team] ([Id], [Name], [Abbreviation], [Location], [Logo], [LeagueId]) VALUES (7, 'Cincinnati Reds', 'CIN', 'Cincinnati, Ohio', '/Logos/MLB/CincinnatiReds.png', 1);
INSERT INTO [Team] ([Id], [Name], [Abbreviation], [Location], [Logo], [LeagueId]) VALUES (8, 'Cleveland Guardians', 'CLE', 'Cleveland, Ohio', '/Logos/MLB/ClevelandGuardians.png', 1);
INSERT INTO [Team] ([Id], [Name], [Abbreviation], [Location], [Logo], [LeagueId]) VALUES (9, 'Colorado Rockies', 'COL', 'Denver, Colorado', '/Logos/MLB/ColoradoRockies.png', 1);
INSERT INTO [Team] ([Id], [Name], [Abbreviation], [Location], [Logo], [LeagueId]) VALUES (10, 'Detroit Tigers', 'DET', 'Detroit, Michigan', '/Logos/MLB/DetroitTigers.png', 1);
INSERT INTO [Team] ([Id], [Name], [Abbreviation], [Location], [Logo], [LeagueId]) VALUES (11, 'Houston Astros', 'HOU', 'Houston, Texas', '/Logos/MLB/HoustonAstros.png', 1);
INSERT INTO [Team] ([Id], [Name], [Abbreviation], [Location], [Logo], [LeagueId]) VALUES (12, 'Kansas City Royals', 'KC', 'Kansas City, Missouri', '/Logos/MLB/KansasCityRoyals.png', 1);
INSERT INTO [Team] ([Id], [Name], [Abbreviation], [Location], [Logo], [LeagueId]) VALUES (13, 'Los Angeles Angels', 'LAA', 'Anaheim, California', '/Logos/MLB/LosAngelesAngels.png', 1);
INSERT INTO [Team] ([Id], [Name], [Abbreviation], [Location], [Logo], [LeagueId]) VALUES (14, 'Los Angeles Dodgers', 'LAD', 'Los Angeles, California', '/Logos/MLB/LosAngelesDodgers.png', 1);
INSERT INTO [Team] ([Id], [Name], [Abbreviation], [Location], [Logo], [LeagueId]) VALUES (15, 'Miami Marlins', 'MIA', 'Miami, Florida', '/Logos/MLB/MiamiMarlins.png', 1);
INSERT INTO [Team] ([Id], [Name], [Abbreviation], [Location], [Logo], [LeagueId]) VALUES (16, 'Milwaukee Brewers', 'MIL', 'Milwaukee, Wisconsin', '/Logos/MLB/MilwaukeeBrewers.png', 1);
INSERT INTO [Team] ([Id], [Name], [Abbreviation], [Location], [Logo], [LeagueId]) VALUES (17, 'Minnesota Twins', 'MIN', 'Minneapolis, Minnesota', '/Logos/MLB/MinnesotaTwins.png', 1);
INSERT INTO [Team] ([Id], [Name], [Abbreviation], [Location], [Logo], [LeagueId]) VALUES (18, 'New York Mets', 'NYM', 'Flushing, New York', '/Logos/MLB/NewYorkMets.png', 1);
INSERT INTO [Team] ([Id], [Name], [Abbreviation], [Location], [Logo], [LeagueId]) VALUES (19, 'New York Yankees', 'NYY', 'Bronx, New York', '/Logos/MLB/NewYorkYankees.png', 1);
INSERT INTO [Team] ([Id], [Name], [Abbreviation], [Location], [Logo], [LeagueId]) VALUES (20, 'Oakland Athletics', 'OAK', 'Oakland, California', '/Logos/MLB/OaklandAthletics.png', 1);
INSERT INTO [Team] ([Id], [Name], [Abbreviation], [Location], [Logo], [LeagueId]) VALUES (21, 'Philadelphia Phillies', 'PHI', 'Philadelphia, Pennsylvania', '/Logos/MLB/PhiladelphiaPhillies.png', 1);
INSERT INTO [Team] ([Id], [Name], [Abbreviation], [Location], [Logo], [LeagueId]) VALUES (22, 'Pittsburgh Pirates', 'PIT', 'Pittsburgh, Pennsylvania', '/Logos/MLB/PittsburgPirates.png', 1);
INSERT INTO [Team] ([Id], [Name], [Abbreviation], [Location], [Logo], [LeagueId]) VALUES (23, 'San Diego Padres', 'SD', 'San Diego, California', '/Logos/MLB/SanDiegoPadres.png', 1);
INSERT INTO [Team] ([Id], [Name], [Abbreviation], [Location], [Logo], [LeagueId]) VALUES (24, 'San Francisco Giants', 'SF', 'San Francisco, California', '/Logos/MLB/SanFransiscoGiants.png', 1);
INSERT INTO [Team] ([Id], [Name], [Abbreviation], [Location], [Logo], [LeagueId]) VALUES (25, 'Seattle Mariners', 'SEA', 'Seattle, Washington', '/Logos/MLB/SeattleMariners.png', 1);
INSERT INTO [Team] ([Id], [Name], [Abbreviation], [Location], [Logo], [LeagueId]) VALUES (26, 'St. Louis Cardinals', 'STL', 'St. Louis, Missouri', '/Logos/MLB/StLouisCardinals.png', 1);
INSERT INTO [Team] ([Id], [Name], [Abbreviation], [Location], [Logo], [LeagueId]) VALUES (27, 'Tampa Bay Rays', 'TB', 'St. Petersburg, Florida', '/Logos/MLB/TampaBayRays.png', 1);
INSERT INTO [Team] ([Id], [Name], [Abbreviation], [Location], [Logo], [LeagueId]) VALUES (28, 'Texas Rangers', 'TEX', 'Arlington, Texas', '/Logos/MLB/TexasRangers.png', 1);
INSERT INTO [Team] ([Id], [Name], [Abbreviation], [Location], [Logo], [LeagueId]) VALUES (29, 'Toronto Blue Jays', 'TOR', 'Toronto, Ontario, Canada', '/Logos/MLB/TorontoBlueJays.png', 1);
INSERT INTO [Team] ([Id], [Name], [Abbreviation], [Location], [Logo], [LeagueId]) VALUES (30, 'Washington Nationals','WAS', 'Washington, DC', '/Logos/MLB/WashingtonNationals.png', 1);
INSERT INTO [Team] ([Id], [Name], [Abbreviation], [Location], [Logo], [LeagueId]) VALUES (31, 'Atlanta United', 'ATL', 'Atlanta, Georgia', '/Logos/MLS/AtlantaUnited.png', 2);
INSERT INTO [Team] ([Id], [Name], [Abbreviation], [Location], [Logo], [LeagueId]) VALUES (32, 'Austin FC', 'AUS', 'Austin, Texas', '/Logos/MLS/AustinFC.png', 2);
INSERT INTO [Team] ([Id], [Name], [Abbreviation], [Location], [Logo], [LeagueId]) VALUES (33, 'CF Montreal', 'MON', 'Montreal, Quebec, Canada', '/Logos/MLS/CFMontreal.png', 2);
INSERT INTO [Team] ([Id], [Name], [Abbreviation], [Location], [Logo], [LeagueId]) VALUES (34, 'Charlotte FC', 'CHA', 'Charlotte, North Carolina', '/Logos/MLS/CharlotteFC.png', 2);
INSERT INTO [Team] ([Id], [Name], [Abbreviation], [Location], [Logo], [LeagueId]) VALUES (35, 'Chicago Fire FC', 'CHI', 'Chicago, Illinois', '/Logos/MLS/ChicagoFire.png', 2);
INSERT INTO [Team] ([Id], [Name], [Abbreviation], [Location], [Logo], [LeagueId]) VALUES (36, 'Colorado Rapids', 'CLR', 'Commerce City, Colorado', '/Logos/MLS/ColoradoRapids.png', 2);
INSERT INTO [Team] ([Id], [Name], [Abbreviation], [Location], [Logo], [LeagueId]) VALUES (37, 'Columbus Crew', 'COL', 'Columbus, Ohio', '/Logos/MLS/ColumbusCrew.png', 2);
INSERT INTO [Team] ([Id], [Name], [Abbreviation], [Location], [Logo], [LeagueId]) VALUES (38, 'D.C. United', 'DCU', 'Washington, D.C.', '/Logos/MLS/DCUnited.png', 2);
INSERT INTO [Team] ([Id], [Name], [Abbreviation], [Location], [Logo], [LeagueId]) VALUES (39, 'FC Cincinnati', 'CIN', 'Cincinnati, Ohio', '/Logos/MLS/FCCincinnati.png', 2);
INSERT INTO [Team] ([Id], [Name], [Abbreviation], [Location], [Logo], [LeagueId]) VALUES (40, 'FC Dallas', 'DAL', 'Frisco, Texas', '/Logos/MLS/FCDallas.png', 2);
INSERT INTO [Team] ([Id], [Name], [Abbreviation], [Location], [Logo], [LeagueId]) VALUES (41, 'Houston Dynamo FC', 'HOU', 'Houston, Texas', '/Logos/MLS/HoustonDynamo.png', 2);
INSERT INTO [Team] ([Id], [Name], [Abbreviation], [Location], [Logo], [LeagueId]) VALUES (42, 'Inter Miami CF', 'MIA', 'Fort Lauderdale, Florida', '/Logos/MLS/InterMiami.png', 2);
INSERT INTO [Team] ([Id], [Name], [Abbreviation], [Location], [Logo], [LeagueId]) VALUES (43, 'LA Galaxy', 'LAG', 'Carson, California', '/Logos/MLS/LosAngelesGalaxy.png', 2);
INSERT INTO [Team] ([Id], [Name], [Abbreviation], [Location], [Logo], [LeagueId]) VALUES (44, 'Los Angeles FC', 'LAFC', 'Los Angeles, California', '/Logos/MLS/LAFC.png', 2);
INSERT INTO [Team] ([Id], [Name], [Abbreviation], [Location], [Logo], [LeagueId]) VALUES (45, 'Minnesota United FC', 'MIN', 'Saint Paul, Minnesota', '/Logos/MLS/MinnesotaUnited.png', 2);
INSERT INTO [Team] ([Id], [Name], [Abbreviation], [Location], [Logo], [LeagueId]) VALUES (46, 'Nashville SC', 'NSC', 'Nashville, Tennessee', '/Logos/MLS/NashvilleSC.png', 2);
INSERT INTO [Team] ([Id], [Name], [Abbreviation], [Location], [Logo], [LeagueId]) VALUES (47, 'New England Revolution', 'NER', 'Foxborough, Massachusetts', '/Logos/MLS/NewEnglandRevolution.png', 2);
INSERT INTO [Team] ([Id], [Name], [Abbreviation], [Location], [Logo], [LeagueId]) VALUES (48, 'New York City FC', 'NYCFC', 'New York City, New York', '/Logos/MLS/NYCFC.png', 2);
INSERT INTO [Team] ([Id], [Name], [Abbreviation], [Location], [Logo], [LeagueId]) VALUES (49, 'New York Red Bulls', 'NYRB', 'Harrison, New Jersey', '/Logos/MLS/NewYorkRedBulls.png', 2);
INSERT INTO [Team] ([Id], [Name], [Abbreviation], [Location], [Logo], [LeagueId]) VALUES (50, 'Orlando City SC', 'ORL', 'Orlando, Florida', '/Logos/MLS/OrlandoCity.png', 2);
INSERT INTO [Team] ([Id], [Name], [Abbreviation], [Location], [Logo], [LeagueId]) VALUES (51, 'Philadelphia Union', 'PHI', 'Chester, Pennsylvania', '/Logos/MLS/PhiladelphiaUnion.png', 2);
INSERT INTO [Team] ([Id], [Name], [Abbreviation], [Location], [Logo], [LeagueId]) VALUES (52, 'Portland Timbers', 'POR', 'Portland, Oregon', '/Logos/MLS/PortlandTimbers.png', 2);
INSERT INTO [Team] ([Id], [Name], [Abbreviation], [Location], [Logo], [LeagueId]) VALUES (53, 'Real Salt Lake', 'RSL', 'Sandy, Utah', '/Logos/MLS/RealSaltLake.png', 2);
INSERT INTO [Team] ([Id], [Name], [Abbreviation], [Location], [Logo], [LeagueId]) VALUES (54, 'San Jose Earthquakes', 'SJE', 'San Jose, California', '/Logos/MLS/SanJoseQuakes.png', 2);
INSERT INTO [Team] ([Id], [Name], [Abbreviation], [Location], [Logo], [LeagueId]) VALUES (55, 'Seattle Sounders FC', 'SEA', 'Seattle, Washington', '/Logos/MLS/SeattleSounders.png', 2);
INSERT INTO [Team] ([Id], [Name], [Abbreviation], [Location], [Logo], [LeagueId]) VALUES (56, 'Sporting Kansas City', 'SKC', 'Kansas City, Kansas', '/Logos/MLS/SportingKansasCity.png', 2);
INSERT INTO [Team] ([Id], [Name], [Abbreviation], [Location], [Logo], [LeagueId]) VALUES (57, 'Toronto FC', 'TOR', 'Toronto, Ontario, Canada', '/Logos/MLS/TorontoFC.png', 2);
INSERT INTO [Team] ([Id], [Name], [Abbreviation], [Location], [Logo], [LeagueId]) VALUES (58, 'Vancouver Whitecaps FC', 'VAN', 'Vancouver, British Columbia, Canada', '/Logos/MLS/VancouverWhiteCaps.png', 2);
INSERT INTO [Team] ([Id], [Name], [Abbreviation], [Location], [Logo], [LeagueId]) VALUES (59, 'Atlanta Hawks', 'ATL', 'Atlanta, Georgia', '/Logos/NBA/AtlantaHawks.png', 3);
INSERT INTO [Team] ([Id], [Name], [Abbreviation], [Location], [Logo], [LeagueId]) VALUES (60, 'Boston Celtics', 'BOS', 'Boston, Massachusetts', '/Logos/NBA/BostonCeltics.png', 3);
INSERT INTO [Team] ([Id], [Name], [Abbreviation], [Location], [Logo], [LeagueId]) VALUES (61, 'Brooklyn Nets', 'BKN', 'Brooklyn, New York', '/Logos/NBA/BrooklynNets.png', 3);
INSERT INTO [Team] ([Id], [Name], [Abbreviation], [Location], [Logo], [LeagueId]) VALUES (62, 'Charlotte Hornets', 'CHA', 'Charlotte, North Carolina', '/Logos/NBA/CharlotteHornets.png', 3);
INSERT INTO [Team] ([Id], [Name], [Abbreviation], [Location], [Logo], [LeagueId]) VALUES (63, 'Chicago Bulls', 'CHI', 'Chicago, Illinois', '/Logos/NBA/ChicagoBulls.png', 3);
INSERT INTO [Team] ([Id], [Name], [Abbreviation], [Location], [Logo], [LeagueId]) VALUES (64, 'Cleveland Cavaliers', 'CLE', 'Cleveland, Ohio', '/Logos/NBA/ClevelandCavaliers.png', 3);
INSERT INTO [Team] ([Id], [Name], [Abbreviation], [Location], [Logo], [LeagueId]) VALUES (65, 'Dallas Mavericks', 'DAL', 'Dallas, Texas', '/Logos/NBA/DallasMavericks.png', 3);
INSERT INTO [Team] ([Id], [Name], [Abbreviation], [Location], [Logo], [LeagueId]) VALUES (66, 'Denver Nuggets', 'DEN', 'Denver, Colorado', '/Logos/NBA/DenverNuggets.png', 3);
INSERT INTO [Team] ([Id], [Name], [Abbreviation], [Location], [Logo], [LeagueId]) VALUES (67, 'Detroit Pistons', 'DET', 'Detroit, Michigan', '/Logos/NBA/DetroitPistons.png', 3);
INSERT INTO [Team] ([Id], [Name], [Abbreviation], [Location], [Logo], [LeagueId]) VALUES (68, 'Golden State Warriors', 'GSW', 'San Francisco, California', '/Logos/NBA/GoldenStateWarriors.png', 3);
INSERT INTO [Team] ([Id], [Name], [Abbreviation], [Location], [Logo], [LeagueId]) VALUES (69, 'Houston Rockets', 'HOU', 'Houston, Texas', '/Logos/NBA/HoustonRockets.png', 3);
INSERT INTO [Team] ([Id], [Name], [Abbreviation], [Location], [Logo], [LeagueId]) VALUES (70, 'Indiana Pacers', 'IND', 'Indianapolis, Indiana', '/Logos/NBA/IndianaPacers.png', 3);
INSERT INTO [Team] ([Id], [Name], [Abbreviation], [Location], [Logo], [LeagueId]) VALUES (71, 'Los Angeles Clippers', 'LAC', 'Los Angeles, California', '/Logos/NBA/LosAngelesClippers.png', 3);
INSERT INTO [Team] ([Id], [Name], [Abbreviation], [Location], [Logo], [LeagueId]) VALUES (72, 'Los Angeles Lakers', 'LAL', 'Los Angeles, California', '/Logos/NBA/LosAngelesLakers.png', 3);
INSERT INTO [Team] ([Id], [Name], [Abbreviation], [Location], [Logo], [LeagueId]) VALUES (73, 'Memphis Grizzlies', 'MEM', 'Memphis, Tennessee', '/Logos/NBA/MemphisGrizzlies.png', 3);
INSERT INTO [Team] ([Id], [Name], [Abbreviation], [Location], [Logo], [LeagueId]) VALUES (74, 'Miami Heat', 'MIA', 'Miami, Florida', '/Logos/NBA/MiamiHeat.png', 3);
INSERT INTO [Team] ([Id], [Name], [Abbreviation], [Location], [Logo], [LeagueId]) VALUES (75, 'Milwaukee Bucks', 'MIL', 'Milwaukee, Wisconsin', '/Logos/NBA/MilwaukeeBucks.png', 3);
INSERT INTO [Team] ([Id], [Name], [Abbreviation], [Location], [Logo], [LeagueId]) VALUES (76, 'Minnesota Timberwolves', 'MIN', 'Minneapolis, Minnesota', '/Logos/NBA/MinnesotaTimberwolves.png', 3);
INSERT INTO [Team] ([Id], [Name], [Abbreviation], [Location], [Logo], [LeagueId]) VALUES (77, 'New Orleans Pelicans', 'NOP', 'New Orleans, Louisiana', '/Logos/NBA/NewOrleansPelicans.png', 3);
INSERT INTO [Team] ([Id], [Name], [Abbreviation], [Location], [Logo], [LeagueId]) VALUES (78, 'New York Knicks', 'NYK', 'New York City, New York', '/Logos/NBA/NewYorkKnicks.png', 3);
INSERT INTO [Team] ([Id], [Name], [Abbreviation], [Location], [Logo], [LeagueId]) VALUES (79, 'Oklahoma City Thunder', 'OKC', 'Oklahoma City, Oklahoma', '/Logos/NBA/OklahomaCityThunder.png', 3);
INSERT INTO [Team] ([Id], [Name], [Abbreviation], [Location], [Logo], [LeagueId]) VALUES (80, 'Orlando Magic', 'ORL', 'Orlando, Florida', '/Logos/NBA/OrlandoMagic.png', 3);
INSERT INTO [Team] ([Id], [Name], [Abbreviation], [Location], [Logo], [LeagueId]) VALUES (81, 'Philadelphia 76ers', 'PHI', 'Philadelphia, Pennsylvania', '/Logos/NBA/Philadelphia76ers.png', 3);
INSERT INTO [Team] ([Id], [Name], [Abbreviation], [Location], [Logo], [LeagueId]) VALUES (82, 'Phoenix Suns', 'PHX', 'Phoenix, Arizona', '/Logos/NBA/PhoenixSuns.png', 3);
INSERT INTO [Team] ([Id], [Name], [Abbreviation], [Location], [Logo], [LeagueId]) VALUES (83, 'Portland Trail Blazers', 'POR', 'Portland, Oregon', '/Logos/NBA/PortlandTrailBlazers.png', 3);
INSERT INTO [Team] ([Id], [Name], [Abbreviation], [Location], [Logo], [LeagueId]) VALUES (84, 'Sacramento Kings', 'SAC', 'Sacramento, California', '/Logos/NBA/SacramentoKings.png', 3);
INSERT INTO [Team] ([Id], [Name], [Abbreviation], [Location], [Logo], [LeagueId]) VALUES (85, 'San Antonio Spurs', 'SAS', 'San Antonio, Texas', '/Logos/NBA/SanAntonioSpurs.png', 3);
INSERT INTO [Team] ([Id], [Name], [Abbreviation], [Location], [Logo], [LeagueId]) VALUES (86, 'Toronto Raptors', 'TOR', 'Toronto, Ontario, Canada', '/Logos/NBA/TorontoRaptors.png', 3);
INSERT INTO [Team] ([Id], [Name], [Abbreviation], [Location], [Logo], [LeagueId]) VALUES (87, 'Utah Jazz', 'UTA', 'Salt Lake City, Utah', '/Logos/NBA/UtahJazz.png', 3);
INSERT INTO [Team] ([Id], [Name], [Abbreviation], [Location], [Logo], [LeagueId]) VALUES (88, 'Washington Wizards', 'WAS', 'Washington, D.C.', '/Logos/NBA/WashingtonWizards.png', 3);
INSERT INTO [Team] ([Id], [Name], [Abbreviation], [Location], [Logo], [LeagueId]) VALUES (89, 'Arizona Cardinals', 'ARI', 'Glendale, Arizona', '/Logos/NFL/ArizonaCardinals.png', 4);
INSERT INTO [Team] ([Id], [Name], [Abbreviation], [Location], [Logo], [LeagueId]) VALUES (90, 'Atlanta Falcons', 'ATL', 'Atlanta, Georgia', '/Logos/NFL/AtlantaFalcons.png', 4);
INSERT INTO [Team] ([Id], [Name], [Abbreviation], [Location], [Logo], [LeagueId]) VALUES (91, 'Baltimore Ravens', 'BAL', 'Baltimore, Maryland', '/Logos/NFL/BaltimoreRavens.png', 4);
INSERT INTO [Team] ([Id], [Name], [Abbreviation], [Location], [Logo], [LeagueId]) VALUES (92, 'Buffalo Bills', 'BUF', 'Orchard Park, New York', '/Logos/NFL/BuffaloBills.png', 4);
INSERT INTO [Team] ([Id], [Name], [Abbreviation], [Location], [Logo], [LeagueId]) VALUES (93, 'Carolina Panthers', 'CAR', 'Charlotte, North Carolina', '/Logos/NFL/CarolinaPanthers.png', 4);
INSERT INTO [Team] ([Id], [Name], [Abbreviation], [Location], [Logo], [LeagueId]) VALUES (94, 'Chicago Bears', 'CHI', 'Chicago, Illinois', '/Logos/NFL/ChicagoBears.png', 4);
INSERT INTO [Team] ([Id], [Name], [Abbreviation], [Location], [Logo], [LeagueId]) VALUES (95, 'Cincinnati Bengals', 'CIN', 'Cincinnati, Ohio', '/Logos/NFL/CincinnatiBengals.png', 4);
INSERT INTO [Team] ([Id], [Name], [Abbreviation], [Location], [Logo], [LeagueId]) VALUES (96, 'Cleveland Browns', 'CLE', 'Cleveland, Ohio', '/Logos/NFL/ClevelandBrowns.png', 4);
INSERT INTO [Team] ([Id], [Name], [Abbreviation], [Location], [Logo], [LeagueId]) VALUES (97, 'Dallas Cowboys', 'DAL', 'Arlington, Texas', '/Logos/NFL/DallasCowboys.png', 4);
INSERT INTO [Team] ([Id], [Name], [Abbreviation], [Location], [Logo], [LeagueId]) VALUES (98, 'Denver Broncos', 'DEN', 'Denver, Colorado', '/Logos/NFL/DenverBroncos.png', 4);
INSERT INTO [Team] ([Id], [Name], [Abbreviation], [Location], [Logo], [LeagueId]) VALUES (99, 'Detroit Lions', 'DET', 'Detroit, Michigan', '/Logos/NFL/DetroitLions.png', 4);
INSERT INTO [Team] ([Id], [Name], [Abbreviation], [Location], [Logo], [LeagueId]) VALUES (100, 'Green Bay Packers', 'GB', 'Green Bay, Wisconsin', '/Logos/NFL/GreenBayPackers.png', 4);
INSERT INTO [Team] ([Id], [Name], [Abbreviation], [Location], [Logo], [LeagueId]) VALUES (101, 'Houston Texans', 'HOU', 'Houston, Texas', '/Logos/NFL/HoustonTexans.png', 4);
INSERT INTO [Team] ([Id], [Name], [Abbreviation], [Location], [Logo], [LeagueId]) VALUES (102, 'Indianapolis Colts', 'IND', 'Indianapolis, Indiana', '/Logos/NFL/IndianapolisColts.png', 4);
INSERT INTO [Team] ([Id], [Name], [Abbreviation], [Location], [Logo], [LeagueId]) VALUES (103, 'Jacksonville Jaguars', 'JAC', 'Jacksonville, Florida', '/Logos/NFL/JacksonvilleJaguars.png', 4);
INSERT INTO [Team] ([Id], [Name], [Abbreviation], [Location], [Logo], [LeagueId]) VALUES (104, 'Kansas City Chiefs', 'KC', 'Kansas City, Missouri', '/Logos/NFL/KansasCityChiefs.png', 4);
INSERT INTO [Team] ([Id], [Name], [Abbreviation], [Location], [Logo], [LeagueId]) VALUES (105, 'Las Vegas Raiders', 'LV', 'Paradise, Nevada', '/Logos/NFL/LasVegasRaiders.png', 4);
INSERT INTO [Team] ([Id], [Name], [Abbreviation], [Location], [Logo], [LeagueId]) VALUES (106, 'Los Angeles Chargers', 'LAC', 'Inglewood, California', '/Logos/NFL/LosAngelesChargers.png', 4);
INSERT INTO [Team] ([Id], [Name], [Abbreviation], [Location], [Logo], [LeagueId]) VALUES (107, 'Los Angeles Rams', 'LAR', 'Inglewood, California', '/Logos/NFL/LosAngelesRams.png', 4);
INSERT INTO [Team] ([Id], [Name], [Abbreviation], [Location], [Logo], [LeagueId]) VALUES (108, 'Miami Dolphins', 'MIA', 'Miami Gardens, Florida', '/Logos/NFL/MiamiDolphins.png', 4);
INSERT INTO [Team] ([Id], [Name], [Abbreviation], [Location], [Logo], [LeagueId]) VALUES (109, 'Minnesota Vikings', 'MIN', 'Minneapolis, Minnesota', '/Logos/NFL/MinnesotaVikings.png', 4);
INSERT INTO [Team] ([Id], [Name], [Abbreviation], [Location], [Logo], [LeagueId]) VALUES (110, 'New England Patriots', 'NE', 'Foxborough, Massachusetts', '/Logos/NFL/NewEnglandPatriots.png', 4);
INSERT INTO [Team] ([Id], [Name], [Abbreviation], [Location], [Logo], [LeagueId]) VALUES (111, 'New Orleans Saints', 'NO', 'New Orleans, Louisiana', '/Logos/NFL/NewOrleansSaints.png', 4);
INSERT INTO [Team] ([Id], [Name], [Abbreviation], [Location], [Logo], [LeagueId]) VALUES (112, 'New York Giants', 'NYG', 'East Rutherford, New Jersey', '/Logos/NFL/NewYorkGiants.png', 4);
INSERT INTO [Team] ([Id], [Name], [Abbreviation], [Location], [Logo], [LeagueId]) VALUES (113, 'New York Jets', 'NYJ', 'East Rutherford, New Jersey', '/Logos/NFL/NewYorkJets.png', 4);
INSERT INTO [Team] ([Id], [Name], [Abbreviation], [Location], [Logo], [LeagueId]) VALUES (114, 'Philadelphia Eagles', 'PHI', 'Philadelphia, Pennsylvania', '/Logos/NFL/PhiladelphiaEagles.png', 4);
INSERT INTO [Team] ([Id], [Name], [Abbreviation], [Location], [Logo], [LeagueId]) VALUES (115, 'Pittsburgh Steelers', 'PIT', 'Pittsburgh, Pennsylvania', '/Logos/NFL/PittsburghSteelers.png', 4);
INSERT INTO [Team] ([Id], [Name], [Abbreviation], [Location], [Logo], [LeagueId]) VALUES (116, 'San Francisco 49ers', 'SF', 'Santa Clara, California', '/Logos/NFL/SanFransisco49ers.png', 4);
INSERT INTO [Team] ([Id], [Name], [Abbreviation], [Location], [Logo], [LeagueId]) VALUES (117, 'Seattle Seahawks', 'SEA', 'Seattle, Washington', '/Logos/NFL/SeattleSeahawks.png', 4);
INSERT INTO [Team] ([Id], [Name], [Abbreviation], [Location], [Logo], [LeagueId]) VALUES (118, 'Tampa Bay Buccaneers', 'TB', 'Tampa, Florida', '/Logos/NFL/TampaBayBucaneers.png', 4);
INSERT INTO [Team] ([Id], [Name], [Abbreviation], [Location], [Logo], [LeagueId]) VALUES (119, 'Tennessee Titans', 'TEN', 'Nashville, Tennessee', '/Logos/NFL/TennesseeTitans.png', 4);
INSERT INTO [Team] ([Id], [Name], [Abbreviation], [Location], [Logo], [LeagueId]) VALUES (120, 'Washington Commanders', 'WAS', 'Landover, Maryland', '/Logos/NFL/WashingtonCommanders.png', 4);
INSERT INTO [Team] ([Id], [Name], [Abbreviation], [Location], [Logo], [LeagueId]) VALUES (121, 'Anaheim Ducks', 'ANA', 'Anaheim, California', '/Logos/NHL/AnaheimDucks.png', 5);
INSERT INTO [Team] ([Id], [Name], [Abbreviation], [Location], [Logo], [LeagueId]) VALUES (122, 'Arizona Coyotes', 'ARI', 'Glendale, Arizona', '/Logos/NHL/ArizonaCoyotes.png', 5);
INSERT INTO [Team] ([Id], [Name], [Abbreviation], [Location], [Logo], [LeagueId]) VALUES (123, 'Boston Bruins', 'BOS', 'Boston, Massachusetts', '/Logos/NHL/BostonBruins.png', 5);
INSERT INTO [Team] ([Id], [Name], [Abbreviation], [Location], [Logo], [LeagueId]) VALUES (124, 'Buffalo Sabres', 'BUF', 'Buffalo, New York', '/Logos/NHL/BuffaloSabres.png', 5);
INSERT INTO [Team] ([Id], [Name], [Abbreviation], [Location], [Logo], [LeagueId]) VALUES (125, 'Calgary Flames', 'CGY', 'Calgary, Alberta, Canada', '/Logos/NHL/CalgaryFlames.png', 5);
INSERT INTO [Team] ([Id], [Name], [Abbreviation], [Location], [Logo], [LeagueId]) VALUES (126, 'Carolina Hurricanes', 'CAR', 'Raleigh, North Carolina', '/Logos/NHL/CarolinaHurricanes.png', 5);
INSERT INTO [Team] ([Id], [Name], [Abbreviation], [Location], [Logo], [LeagueId]) VALUES (127, 'Chicago Blackhawks', 'CHI', 'Chicago, Illinois', '/Logos/NHL/ChicagoBlackhawks.png', 5);
INSERT INTO [Team] ([Id], [Name], [Abbreviation], [Location], [Logo], [LeagueId]) VALUES (128, 'Colorado Avalanche', 'COL', 'Denver, Colorado', '/Logos/NHL/ColoradoAvalanche.png', 5);
INSERT INTO [Team] ([Id], [Name], [Abbreviation], [Location], [Logo], [LeagueId]) VALUES (129, 'Columbus Blue Jackets', 'CBJ', 'Columbus, Ohio', '/Logos/NHL/ColumbusBlueJackets.png', 5);
INSERT INTO [Team] ([Id], [Name], [Abbreviation], [Location], [Logo], [LeagueId]) VALUES (130, 'Dallas Stars', 'DAL', 'Dallas, Texas', '/Logos/NHL/DallasStars.png', 5);
INSERT INTO [Team] ([Id], [Name], [Abbreviation], [Location], [Logo], [LeagueId]) VALUES (131, 'Detroit Red Wings', 'DET', 'Detroit, Michigan', '/Logos/NHL/DetriotRedWings.png', 5);
INSERT INTO [Team] ([Id], [Name], [Abbreviation], [Location], [Logo], [LeagueId]) VALUES (132, 'Edmonton Oilers', 'EDM', 'Edmonton, Alberta, Canada', '/Logos/NHL/EdmontonOilers.png', 5);
INSERT INTO [Team] ([Id], [Name], [Abbreviation], [Location], [Logo], [LeagueId]) VALUES (133, 'Florida Panthers', 'FLA', 'Sunrise, Florida', '/Logos/NHL/FloridaPanthers.png', 5);
INSERT INTO [Team] ([Id], [Name], [Abbreviation], [Location], [Logo], [LeagueId]) VALUES (134, 'Los Angeles Kings', 'LAK', 'Los Angeles, California', '/Logos/NHL/LosAngelesKings.png', 5);
INSERT INTO [Team] ([Id], [Name], [Abbreviation], [Location], [Logo], [LeagueId]) VALUES (135, 'Minnesota Wild', 'MIN', 'Saint Paul, Minnesota', '/Logos/NHL/MinnesotaWild.png', 5);
INSERT INTO [Team] ([Id], [Name], [Abbreviation], [Location], [Logo], [LeagueId]) VALUES (136, 'Montreal Canadiens', 'MTL', 'Montreal, Quebec, Canada', '/Logos/NHL/MontrealCanadiens.png', 5);
INSERT INTO [Team] ([Id], [Name], [Abbreviation], [Location], [Logo], [LeagueId]) VALUES (137, 'Nashville Predators', 'NSH', 'Nashville, Tennessee', '/Logos/NHL/NashvillePredators.png', 5);
INSERT INTO [Team] ([Id], [Name], [Abbreviation], [Location], [Logo], [LeagueId]) VALUES (138, 'New Jersey Devils', 'NJD', 'Newark, New Jersey', '/Logos/NHL/NewJerseyDevils.png', 5);
INSERT INTO [Team] ([Id], [Name], [Abbreviation], [Location], [Logo], [LeagueId]) VALUES (139, 'New York Islanders', 'NYI', 'Elmont, New York', '/Logos/NHL/NewYorkIslanders.png', 5);
INSERT INTO [Team] ([Id], [Name], [Abbreviation], [Location], [Logo], [LeagueId]) VALUES (140, 'New York Rangers', 'NYR', 'New York City, New York', '/Logos/NHL/NewYorkRangers.png', 5);
INSERT INTO [Team] ([Id], [Name], [Abbreviation], [Location], [Logo], [LeagueId]) VALUES (141, 'Ottawa Senators', 'OTT', 'Ottawa, Ontario, Canada', '/Logos/NHL/OttawaSenators.png', 5);
INSERT INTO [Team] ([Id], [Name], [Abbreviation], [Location], [Logo], [LeagueId]) VALUES (142, 'Philadelphia Flyers', 'PHI', 'Philadelphia, Pennsylvania', '/Logos/NHL/PhiladelphiaFlyers.png', 5);
INSERT INTO [Team] ([Id], [Name], [Abbreviation], [Location], [Logo], [LeagueId]) VALUES (143, 'Pittsburgh Penguins', 'PIT', 'Pittsburgh, Pennsylvania', '/Logos/NHL/PittsburghPenguins.png', 5);
INSERT INTO [Team] ([Id], [Name], [Abbreviation], [Location], [Logo], [LeagueId]) VALUES (144, 'San Jose Sharks', 'SJS', 'San Jose, California', '/Logos/NHL/SanJoseSharks.png', 5);
INSERT INTO [Team] ([Id], [Name], [Abbreviation], [Location], [Logo], [LeagueId]) VALUES (145, 'St. Louis Blues', 'STL', 'St. Louis, Missouri', '/Logos/NHL/StLouisBlues.png', 5);
INSERT INTO [Team] ([Id], [Name], [Abbreviation], [Location], [Logo], [LeagueId]) VALUES (146, 'Tampa Bay Lightning', 'TBL', 'Tampa, Florida', '/Logos/NHL/TampaBayLightning.png', 5);
INSERT INTO [Team] ([Id], [Name], [Abbreviation], [Location], [Logo], [LeagueId]) VALUES (147, 'Toronto Maple Leafs', 'TOR', 'Toronto, Ontario, Canada', '/Logos/NHL/TorontoMapleLeafs.png', 5);
INSERT INTO [Team] ([Id], [Name], [Abbreviation], [Location], [Logo], [LeagueId]) VALUES (148, 'Vancouver Canucks', 'VAN', 'Vancouver, British Columbia, Canada', '/Logos/NHL/VancouverCanucks.png', 5);
INSERT INTO [Team] ([Id], [Name], [Abbreviation], [Location], [Logo], [LeagueId]) VALUES (149, 'Vegas Golden Knights', 'VGK', 'Paradise, Nevada', '/Logos/NHL/VegasGoldenKnights.png', 5);
INSERT INTO [Team] ([Id], [Name], [Abbreviation], [Location], [Logo], [LeagueId]) VALUES (150, 'Washington Capitals', 'WSH', 'Washington, D.C.', '/Logos/NHL/WashingtonCapitals.png', 5);
INSERT INTO [Team] ([Id], [Name], [Abbreviation], [Location], [Logo], [LeagueId]) VALUES (151, 'Winnipeg Jets', 'WPG', 'Winnipeg, Manitoba, Canada', '/Logos/NHL/WinnipegJets.png', 5);
INSERT INTO [Team] ([Id], [Name], [Abbreviation], [Location], [Logo], [LeagueId]) VALUES (152, 'Seattle Kraken', 'SEA', 'Seattle, Washington', '/Logos/NHL/SeattleKraken.png', 5);
SET identity_insert [Team] OFF

SET identity_insert [Stadium] ON
INSERT INTO [Stadium] ([Id], [Name], [Location], [TeamId], [FirstGameDate], [LastGameDate]) VALUES (1, 'Chase Field', 'Phoenix,Arizona', 1,'1998-03-31', NULL);
INSERT INTO [Stadium] ([Id], [Name], [Location], [TeamId], [FirstGameDate], [LastGameDate]) VALUES (2, 'Truist Park', 'Atlanta, Georgia', 2, '2017-04-14', NULL);
INSERT INTO [Stadium] ([Id], [Name], [Location], [TeamId], [FirstGameDate], [LastGameDate]) VALUES (3, 'Oriole Park at Camden Yards', 'Baltimore, Maryland', 3, '1992-04-06', NULL);
INSERT INTO [Stadium] ([Id], [Name], [Location], [TeamId], [FirstGameDate], [LastGameDate]) VALUES (4, 'Fenway Park', 'Boston, Massachusetts', 4, '1912-04-20', NULL);
INSERT INTO [Stadium] ([Id], [Name], [Location], [TeamId], [FirstGameDate], [LastGameDate]) VALUES (5, 'Wrigley Field', 'Chicago, Illinois', 5, '1914-04-23', NULL);
INSERT INTO [Stadium] ([Id], [Name], [Location], [TeamId], [FirstGameDate], [LastGameDate]) VALUES (6, 'Guaranteed Rate Field', 'Chicago, Illinois', 6, '1991-04-18', NULL);
INSERT INTO [Stadium] ([Id], [Name], [Location], [TeamId], [FirstGameDate], [LastGameDate]) VALUES (7, 'Great American Ball Park', 'Cincinnati, Ohio', 7, '2003-03-31', NULL);
INSERT INTO [Stadium] ([Id], [Name], [Location], [TeamId], [FirstGameDate], [LastGameDate]) VALUES (8, 'Progressive Field', 'Cleveland, OH', 8, '1994-04-04', NULL);
INSERT INTO [Stadium] ([Id], [Name], [Location], [TeamId], [FirstGameDate], [LastGameDate]) VALUES (9, 'Coors Field', 'Denver, Colorado', 9, '1995-04-26', NULL);
INSERT INTO [Stadium] ([Id], [Name], [Location], [TeamId], [FirstGameDate], [LastGameDate]) VALUES (10, 'Comerica Park', 'Detroit, Michigan', 10, '2000-04-11', NULL);
INSERT INTO [Stadium] ([Id], [Name], [Location], [TeamId], [FirstGameDate], [LastGameDate]) VALUES (11, 'Minute Maid Park', 'Houston, Texas', 11, '2000-04-07', NULL);
INSERT INTO [Stadium] ([Id], [Name], [Location], [TeamId], [FirstGameDate], [LastGameDate]) VALUES (12, 'Kauffman Stadium', 'Kansas City, Missouri', 12, '1973-04-10', NULL);
INSERT INTO [Stadium] ([Id], [Name], [Location], [TeamId], [FirstGameDate], [LastGameDate]) VALUES (13, 'Angel Stadium', 'Anaheim, California', 13, '1966-04-19', NULL);
INSERT INTO [Stadium] ([Id], [Name], [Location], [TeamId], [FirstGameDate], [LastGameDate]) VALUES (14, 'Dodger Stadium', 'Los Angeles, California', 14, '1962-04-10', NULL);
INSERT INTO [Stadium] ([Id], [Name], [Location], [TeamId], [FirstGameDate], [LastGameDate]) VALUES (15, 'LoanDepot Park', 'Miami, Florida', 15, '2012-04-04', NULL);
INSERT INTO [Stadium] ([Id], [Name], [Location], [TeamId], [FirstGameDate], [LastGameDate]) VALUES (16, 'American Family Field', 'Milwaukee, Wisconsin', 16, '2001-04-06', NULL);
INSERT INTO [Stadium] ([Id], [Name], [Location], [TeamId], [FirstGameDate], [LastGameDate]) VALUES (17, 'Target Field', 'Minneapolis, Minnesota', 17, '2010-04-12', NULL);
INSERT INTO [Stadium] ([Id], [Name], [Location], [TeamId], [FirstGameDate], [LastGameDate]) VALUES (18, 'Citi Field', 'Flushing, New York', 18, '2009-04-13', NULL);
INSERT INTO [Stadium] ([Id], [Name], [Location], [TeamId], [FirstGameDate], [LastGameDate]) VALUES (19, 'Yankee Stadium', 'Bronx, New York', 19, '2009-04-16', NULL);
INSERT INTO [Stadium] ([Id], [Name], [Location], [TeamId], [FirstGameDate], [LastGameDate]) VALUES (20, 'Oakland Coliseum', 'Oakland, California', 20, '1968-04-17', NULL);
INSERT INTO [Stadium] ([Id], [Name], [Location], [TeamId], [FirstGameDate], [LastGameDate]) VALUES (21, 'Citizens Bank Park', 'Philadelphia, Pennsylvania', 21, '2004-04-12', NULL);
INSERT INTO [Stadium] ([Id], [Name], [Location], [TeamId], [FirstGameDate], [LastGameDate]) VALUES (22, 'PNC Park', 'Pittsburgh, Pennsylvania', 22, '2001-04-09', NULL);
INSERT INTO [Stadium] ([Id], [Name], [Location], [TeamId], [FirstGameDate], [LastGameDate]) VALUES (23, 'Petco Park', 'San Diego, California', 23, '2004-04-08', NULL);
INSERT INTO [Stadium] ([Id], [Name], [Location], [TeamId], [FirstGameDate], [LastGameDate]) VALUES (24, 'Oracle Park', 'San Francisco, California', 24, '2000-04-11', NULL);
INSERT INTO [Stadium] ([Id], [Name], [Location], [TeamId], [FirstGameDate], [LastGameDate]) VALUES (25, 'T-Mobile Park', 'Seattle, Washington', 25, '1999-07-15', NULL);
INSERT INTO [Stadium] ([Id], [Name], [Location], [TeamId], [FirstGameDate], [LastGameDate]) VALUES (26, 'Busch Stadium', 'St. Louis, Missouri', 26, '2006-04-10', NULL);
INSERT INTO [Stadium] ([Id], [Name], [Location], [TeamId], [FirstGameDate], [LastGameDate]) VALUES (27, 'Tropicana Field', 'St. Petersburg, Florida', 27, '1998-03-21', NULL);
INSERT INTO [Stadium] ([Id], [Name], [Location], [TeamId], [FirstGameDate], [LastGameDate]) VALUES (28, 'Globe Life Field', 'Arlington, Texas', 28, '2020-07-26', NULL);
INSERT INTO [Stadium] ([Id], [Name], [Location], [TeamId], [FirstGameDate], [LastGameDate]) VALUES (29, 'Rogers Centre', 'Toronto, Ontario, Canada', 29, '1989-06-05', NULL);
INSERT INTO [Stadium] ([Id], [Name], [Location], [TeamId], [FirstGameDate], [LastGameDate]) VALUES (30, 'Nationals Park', 'Washington, DC', 30, '2009-03-30', NULL);
INSERT INTO [Stadium] ([Id], [Name], [Location], [TeamId], [FirstGameDate], [LastGameDate]) VALUES (31, 'Mercedes-Benz Stadium', 'Atlanta, Georgia', 31, '2017-03-05', NULL);
INSERT INTO [Stadium] ([Id], [Name], [Location], [TeamId], [FirstGameDate], [LastGameDate]) VALUES (32, 'Q2 Stadium', 'Austin, Texas', 32, '2021-06-19', NULL);
INSERT INTO [Stadium] ([Id], [Name], [Location], [TeamId], [FirstGameDate], [LastGameDate]) VALUES (33, 'Saputo Stadium', 'Montreal, Quebec, Canada', 42, '2012-06-16', NULL);
INSERT INTO [Stadium] ([Id], [Name], [Location], [TeamId], [FirstGameDate], [LastGameDate]) VALUES (34, 'Bank of America Stadium', 'Charlotte, North Carolina', 33, '2022-03-05', NULL);
INSERT INTO [Stadium] ([Id], [Name], [Location], [TeamId], [FirstGameDate], [LastGameDate]) VALUES (35, 'Soldier Field', 'Chicago, Illinois', 34, '1998-04-04', NULL);
INSERT INTO [Stadium] ([Id], [Name], [Location], [TeamId], [FirstGameDate], [LastGameDate]) VALUES (36, 'Dick''s Sporting Goods Park', 'Commerce City, Colorado', 35, '2007-04-07', NULL);
INSERT INTO [Stadium] ([Id], [Name], [Location], [TeamId], [FirstGameDate], [LastGameDate]) VALUES (37, 'Lower.com Field', 'Columbus, Ohio', 36, '2021-07-03', NULL);
INSERT INTO [Stadium] ([Id], [Name], [Location], [TeamId], [FirstGameDate], [LastGameDate]) VALUES (38, 'Audi Field', 'Washington, D.C.', 37, '2018-07-14', NULL);
INSERT INTO [Stadium] ([Id], [Name], [Location], [TeamId], [FirstGameDate], [LastGameDate]) VALUES (39, 'TQL Stadium', 'Cincinnati, Ohio', 38, '2021-05-16', NULL);
INSERT INTO [Stadium] ([Id], [Name], [Location], [TeamId], [FirstGameDate], [LastGameDate]) VALUES (40, 'Toyota Stadium', 'Frisco, Texas', 39, '2005-08-06', NULL);
INSERT INTO [Stadium] ([Id], [Name], [Location], [TeamId], [FirstGameDate], [LastGameDate]) VALUES (41, 'PNC Stadium', 'Houston, Texas', 40, '2012-05-12', NULL);
INSERT INTO [Stadium] ([Id], [Name], [Location], [TeamId], [FirstGameDate], [LastGameDate]) VALUES (42, 'DRV PNK Stadium', 'Fort Lauderdale, Florida', 41, '2020-07-18', NULL);
INSERT INTO [Stadium] ([Id], [Name], [Location], [TeamId], [FirstGameDate], [LastGameDate]) VALUES (43, 'Dignity Health Sports Park', 'Carson, California', 43, '2003-06-01', NULL);
INSERT INTO [Stadium] ([Id], [Name], [Location], [TeamId], [FirstGameDate], [LastGameDate]) VALUES (44, 'Banc of California Stadium', 'Los Angeles, California', 44, '2018-04-18', NULL);
INSERT INTO [Stadium] ([Id], [Name], [Location], [TeamId], [FirstGameDate], [LastGameDate]) VALUES (45, 'Allianz Field', 'Saint Paul, Minnesota', 45, '2019-04-13', NULL);
INSERT INTO [Stadium] ([Id], [Name], [Location], [TeamId], [FirstGameDate], [LastGameDate]) VALUES (46, 'Geodis Park', 'Nashville, Tennessee', 46, '2022-05-01', NULL);
INSERT INTO [Stadium] ([Id], [Name], [Location], [TeamId], [FirstGameDate], [LastGameDate]) VALUES (47, 'Gillette Stadium1', 'Foxborough, Massachusetts', 47, '2002-05-02', NULL);
INSERT INTO [Stadium] ([Id], [Name], [Location], [TeamId], [FirstGameDate], [LastGameDate]) VALUES (48, 'Yankee Stadium', 'New York City, New York', 48, '2015-03-15', NULL);
INSERT INTO [Stadium] ([Id], [Name], [Location], [TeamId], [FirstGameDate], [LastGameDate]) VALUES (49, 'Red Bull Arena', 'Harrison, New Jersey', 49, '2010-03-20', NULL);
INSERT INTO [Stadium] ([Id], [Name], [Location], [TeamId], [FirstGameDate], [LastGameDate]) VALUES (50, 'Exploria Stadium', 'Orlando, Florida', 50, '2017-02-24', NULL);
INSERT INTO [Stadium] ([Id], [Name], [Location], [TeamId], [FirstGameDate], [LastGameDate]) VALUES (51, 'Subaru Park', 'Chester, Pennsylvania', 51, '2010-06-27', NULL);
INSERT INTO [Stadium] ([Id], [Name], [Location], [TeamId], [FirstGameDate], [LastGameDate]) VALUES (52, 'Providence Park', 'Portland, Oregon', 52, '2011-04-14', NULL);
INSERT INTO [Stadium] ([Id], [Name], [Location], [TeamId], [FirstGameDate], [LastGameDate]) VALUES (53, 'America First Field', 'Sandy, Utah', 53, '2008-10-09', NULL);
INSERT INTO [Stadium] ([Id], [Name], [Location], [TeamId], [FirstGameDate], [LastGameDate]) VALUES (54, 'PayPal Park', 'San Jose, California', 54, '2015-02-27', NULL);
INSERT INTO [Stadium] ([Id], [Name], [Location], [TeamId], [FirstGameDate], [LastGameDate]) VALUES (55, 'Lumen Field', 'Seattle, Washington', 55, '2009-03-19', NULL);
INSERT INTO [Stadium] ([Id], [Name], [Location], [TeamId], [FirstGameDate], [LastGameDate]) VALUES (56, 'Children''s Mercy Park', 'Kansas City, Kansas', 56, '2011-06-09', NULL);
INSERT INTO [Stadium] ([Id], [Name], [Location], [TeamId], [FirstGameDate], [LastGameDate]) VALUES (57, 'BMO Field', 'Toronto, Ontario, Canada', 57, '2007-04-28', NULL);
INSERT INTO [Stadium] ([Id], [Name], [Location], [TeamId], [FirstGameDate], [LastGameDate]) VALUES (58, 'BC Place', 'Vancouver, British Columbia, Canada', 58, '2011-10-02', NULL);
INSERT INTO [Stadium] ([Id], [Name], [Location], [TeamId], [FirstGameDate], [LastGameDate]) VALUES (59, 'State Farm Arena', 'Atlanta, Georgia', 59, '2018-10-24', NULL);
INSERT INTO [Stadium] ([Id], [Name], [Location], [TeamId], [FirstGameDate], [LastGameDate]) VALUES (60, 'TD Garden', 'Boston, Massachusetts', 60, '1995-11-03', NULL);
INSERT INTO [Stadium] ([Id], [Name], [Location], [TeamId], [FirstGameDate], [LastGameDate]) VALUES (61, 'Barclays Center', 'Brooklyn, New York', 61, '2012-10-15', NULL);
INSERT INTO [Stadium] ([Id], [Name], [Location], [TeamId], [FirstGameDate], [LastGameDate]) VALUES (62, 'Spectrum Center', 'Charlotte, North Carolina', 62, '2005-11-05', NULL);
INSERT INTO [Stadium] ([Id], [Name], [Location], [TeamId], [FirstGameDate], [LastGameDate]) VALUES (63, 'United Center', 'Chicago, Illinois', 63, '1994-08-18', NULL);
INSERT INTO [Stadium] ([Id], [Name], [Location], [TeamId], [FirstGameDate], [LastGameDate]) VALUES (64, 'Rocket Mortgage Fieldhouse', 'Cleveland, Ohio', 64, '1994-11-08', NULL);
INSERT INTO [Stadium] ([Id], [Name], [Location], [TeamId], [FirstGameDate], [LastGameDate]) VALUES (65, 'American Airlines Center', 'Dallas, Texas', 65, '2001-10-30', NULL);
INSERT INTO [Stadium] ([Id], [Name], [Location], [TeamId], [FirstGameDate], [LastGameDate]) VALUES (66, 'Pepsi Center', 'Denver, Colorado', 66, '1999-11-02', NULL);
INSERT INTO [Stadium] ([Id], [Name], [Location], [TeamId], [FirstGameDate], [LastGameDate]) VALUES (67, 'Little Caesars Arena', 'Detroit, Michigan', 67, '2017-10-19', NULL);
INSERT INTO [Stadium] ([Id], [Name], [Location], [TeamId], [FirstGameDate], [LastGameDate]) VALUES (68, 'Chase Center', 'San Francisco, California', 68, '2019-10-05', NULL);
INSERT INTO [Stadium] ([Id], [Name], [Location], [TeamId], [FirstGameDate], [LastGameDate]) VALUES (69, 'Toyota Center', 'Houston, Texas', 69, '2003-10-30', NULL);
INSERT INTO [Stadium] ([Id], [Name], [Location], [TeamId], [FirstGameDate], [LastGameDate]) VALUES (70, 'Bankers Life Fieldhouse', 'Indianapolis, Indiana', 70, '1999-11-06', NULL);
INSERT INTO [Stadium] ([Id], [Name], [Location], [TeamId], [FirstGameDate], [LastGameDate]) VALUES (71, 'Staples Center', 'Los Angeles, California', 71, '1999-11-02', NULL);
INSERT INTO [Stadium] ([Id], [Name], [Location], [TeamId], [FirstGameDate], [LastGameDate]) VALUES (72, 'Staples Center', 'Los Angeles, California', 72, '1999-11-02', NULL);
INSERT INTO [Stadium] ([Id], [Name], [Location], [TeamId], [FirstGameDate], [LastGameDate]) VALUES (73, 'FedEx Forum', 'Memphis, Tennessee', 73, '2004-11-03', NULL);
INSERT INTO [Stadium] ([Id], [Name], [Location], [TeamId], [FirstGameDate], [LastGameDate]) VALUES (74, 'American Airlines Arena', 'Miami, Florida', 74, '2000-01-02', NULL);
INSERT INTO [Stadium] ([Id], [Name], [Location], [TeamId], [FirstGameDate], [LastGameDate]) VALUES (75, 'Fiserv Forum', 'Milwaukee, Wisconsin', 75, '2018-10-19', NULL);
INSERT INTO [Stadium] ([Id], [Name], [Location], [TeamId], [FirstGameDate], [LastGameDate]) VALUES (76, 'Target Center', 'Minneapolis, Minnesota', 76, '1990-10-16', NULL);
INSERT INTO [Stadium] ([Id], [Name], [Location], [TeamId], [FirstGameDate], [LastGameDate]) VALUES (77, 'Smoothie King Center', 'New Orleans, Louisiana', 77, '2002-10-30', NULL);
INSERT INTO [Stadium] ([Id], [Name], [Location], [TeamId], [FirstGameDate], [LastGameDate]) VALUES (78, 'Madison Square Garden', 'New York City, New York', 78, '1968-02-14', NULL);
INSERT INTO [Stadium] ([Id], [Name], [Location], [TeamId], [FirstGameDate], [LastGameDate]) VALUES (79, 'Chesapeake Energy Arena', 'Oklahoma City, Oklahoma', 79, '2008-10-29', NULL);
INSERT INTO [Stadium] ([Id], [Name], [Location], [TeamId], [FirstGameDate], [LastGameDate]) VALUES (80, 'Amway Center', 'Orlando, Florida', 80, '2010-10-28', NULL);
INSERT INTO [Stadium] ([Id], [Name], [Location], [TeamId], [FirstGameDate], [LastGameDate]) VALUES (81, 'Wells Fargo Center', 'Philadelphia, Pennsylvania', 81, '1996-11-1', NULL);
INSERT INTO [Stadium] ([Id], [Name], [Location], [TeamId], [FirstGameDate], [LastGameDate]) VALUES (82, 'Talking Stick Resort Arena', 'Phoenix, Arizona', 82, '1992-11-03', NULL);
INSERT INTO [Stadium] ([Id], [Name], [Location], [TeamId], [FirstGameDate], [LastGameDate]) VALUES (83, 'Moda Center', 'Portland, Oregon', 83, '1995-11-03', NULL);
INSERT INTO [Stadium] ([Id], [Name], [Location], [TeamId], [FirstGameDate], [LastGameDate]) VALUES (84, 'Golden 1 Center', 'Sacramento, California', 84, '2016-10-10', NULL);
INSERT INTO [Stadium] ([Id], [Name], [Location], [TeamId], [FirstGameDate], [LastGameDate]) VALUES (85, 'AT&T Center', 'San Antonio, Texas', 85, '2002-10-18', NULL);
INSERT INTO [Stadium] ([Id], [Name], [Location], [TeamId], [FirstGameDate], [LastGameDate]) VALUES (86, 'Scotiabank Arena', 'Toronto, Ontario, Canada', 86, '1999-02-21', NULL);
INSERT INTO [Stadium] ([Id], [Name], [Location], [TeamId], [FirstGameDate], [LastGameDate]) VALUES (87, 'Vivint Smart Home Arena', 'Salt Lake City, Utah', 87, '1991-11-07', NULL);
INSERT INTO [Stadium] ([Id], [Name], [Location], [TeamId], [FirstGameDate], [LastGameDate]) VALUES (88, 'Capital One Arena', 'Washington, D.C.', 88, '1997-12-2', NULL);
INSERT INTO [Stadium] ([Id], [Name], [Location], [TeamId], [FirstGameDate], [LastGameDate]) VALUES (89, 'State Farm Stadium', 'Glendale, Arizona', 89, '2006', NULL);
INSERT INTO [Stadium] ([Id], [Name], [Location], [TeamId], [FirstGameDate], [LastGameDate]) VALUES (90, 'Mercedes-Benz Stadium', 'Atlanta, Georgia', 90, '2017', NULL);
INSERT INTO [Stadium] ([Id], [Name], [Location], [TeamId], [FirstGameDate], [LastGameDate]) VALUES (91, 'M&T Bank Stadium', 'Baltimore, Maryland', 91, '1998', NULL);
INSERT INTO [Stadium] ([Id], [Name], [Location], [TeamId], [FirstGameDate], [LastGameDate]) VALUES (92, 'Bills Stadium', 'Orchard Park, New York', 92, '1973', NULL);
INSERT INTO [Stadium] ([Id], [Name], [Location], [TeamId], [FirstGameDate], [LastGameDate]) VALUES (93, 'Bank of America Stadium', 'Charlotte, North Carolina', 93, '1996', NULL);
INSERT INTO [Stadium] ([Id], [Name], [Location], [TeamId], [FirstGameDate], [LastGameDate]) VALUES (94, 'Soldier Field', 'Chicago, Illinois', 94, '1924', NULL);
INSERT INTO [Stadium] ([Id], [Name], [Location], [TeamId], [FirstGameDate], [LastGameDate]) VALUES (95, 'Paul Brown Stadium', 'Cincinnati, Ohio', 95, '2000', NULL);
INSERT INTO [Stadium] ([Id], [Name], [Location], [TeamId], [FirstGameDate], [LastGameDate]) VALUES (96, 'First Energy Stadium', 'Cleveland, Ohio', 96, '1999', NULL);
INSERT INTO [Stadium] ([Id], [Name], [Location], [TeamId], [FirstGameDate], [LastGameDate]) VALUES (97, 'At&T Stadium', 'Arlington, Texas', 97, '2009', NULL);
INSERT INTO [Stadium] ([Id], [Name], [Location], [TeamId], [FirstGameDate], [LastGameDate]) VALUES (98, 'Empower Field at Mile High', 'Denver, Colorado', 98, '2001', NULL);
INSERT INTO [Stadium] ([Id], [Name], [Location], [TeamId], [FirstGameDate], [LastGameDate]) VALUES (99, 'Ford Field', 'Detroit, Michigan', 99, '2002', NULL);
INSERT INTO [Stadium] ([Id], [Name], [Location], [TeamId], [FirstGameDate], [LastGameDate]) VALUES (100, 'Lambeau Field', 'Green Bay, Wisconsin', 100, '1957', NULL);
INSERT INTO [Stadium] ([Id], [Name], [Location], [TeamId], [FirstGameDate], [LastGameDate]) VALUES (101, 'NRG Stadium', 'Houston, Texas', 101, '2002', NULL);
INSERT INTO [Stadium] ([Id], [Name], [Location], [TeamId], [FirstGameDate], [LastGameDate]) VALUES (102, 'Lucas Oil Stadium', 'Indianapolis, Indiana', 102, '2008', NULL);
INSERT INTO [Stadium] ([Id], [Name], [Location], [TeamId], [FirstGameDate], [LastGameDate]) VALUES (103, 'TIAA Bank Field', 'Jacksonville, Florida', 103, '2008', NULL);
INSERT INTO [Stadium] ([Id], [Name], [Location], [TeamId], [FirstGameDate], [LastGameDate]) VALUES (104, 'Arrowhead Stadium', 'Kansas City, Missouri', 104, '1972', NULL);
INSERT INTO [Stadium] ([Id], [Name], [Location], [TeamId], [FirstGameDate], [LastGameDate]) VALUES (105, 'Allegiant Stadium', 'Paradise, Nevada', 105, '2020', NULL);
INSERT INTO [Stadium] ([Id], [Name], [Location], [TeamId], [FirstGameDate], [LastGameDate]) VALUES (106, 'SoFi Stadium', 'Inglewood, California', 106, '2020', NULL);
INSERT INTO [Stadium] ([Id], [Name], [Location], [TeamId], [FirstGameDate], [LastGameDate]) VALUES (107, 'SoFi Stadium', 'Inglewood, California', 107, '2020', NULL);
INSERT INTO [Stadium] ([Id], [Name], [Location], [TeamId], [FirstGameDate], [LastGameDate]) VALUES (108, 'Hard Rock Stadium', 'Miami Gardens, Florida', 108, '1987', NULL);
INSERT INTO [Stadium] ([Id], [Name], [Location], [TeamId], [FirstGameDate], [LastGameDate]) VALUES (109, 'U.S. Bank Stadium', 'Minneapolis, Minnesota', 109, '2016', NULL);
INSERT INTO [Stadium] ([Id], [Name], [Location], [TeamId], [FirstGameDate], [LastGameDate]) VALUES (110, 'Gillette Stadium', 'Foxborough, Massachusetts', 110, '2002', NULL);
INSERT INTO [Stadium] ([Id], [Name], [Location], [TeamId], [FirstGameDate], [LastGameDate]) VALUES (111, 'Mercedes-Benz Superdome', 'New Orleans, Louisiana', 111, '1975', NULL);
INSERT INTO [Stadium] ([Id], [Name], [Location], [TeamId], [FirstGameDate], [LastGameDate]) VALUES (112, 'MetLife Stadium', 'East Rutherford, New Jersey', 112, '2010', NULL);
INSERT INTO [Stadium] ([Id], [Name], [Location], [TeamId], [FirstGameDate], [LastGameDate]) VALUES (113, 'MetLife Stadium', 'East Rutherford, New Jersey', 113, '2010', NULL);
INSERT INTO [Stadium] ([Id], [Name], [Location], [TeamId], [FirstGameDate], [LastGameDate]) VALUES (114, 'Lincoln Financial Field', 'Philadelphia, Pennsylvania', 114, '2003', NULL);
INSERT INTO [Stadium] ([Id], [Name], [Location], [TeamId], [FirstGameDate], [LastGameDate]) VALUES (115, 'Heinz Field', 'Pittsburgh, Pennsylvania', 115, '2001', NULL);
INSERT INTO [Stadium] ([Id], [Name], [Location], [TeamId], [FirstGameDate], [LastGameDate]) VALUES (116, 'Levi''s Stadium', 'Santa Clara, California', 116, '2014', NULL);
INSERT INTO [Stadium] ([Id], [Name], [Location], [TeamId], [FirstGameDate], [LastGameDate]) VALUES (117, 'Lumen Field', 'Seattle, Washington', 117, '2002', NULL);
INSERT INTO [Stadium] ([Id], [Name], [Location], [TeamId], [FirstGameDate], [LastGameDate]) VALUES (118, 'Raymond James Stadium', 'Tampa, Florida', 118, '1998', NULL);
INSERT INTO [Stadium] ([Id], [Name], [Location], [TeamId], [FirstGameDate], [LastGameDate]) VALUES (119, 'Nissan Stadium', 'Nashville, Tennessee', 119, '1999', NULL);
INSERT INTO [Stadium] ([Id], [Name], [Location], [TeamId], [FirstGameDate], [LastGameDate]) VALUES (120, 'FedExField', 'Landover, Maryland', 120, '1997', NULL);
INSERT INTO [Stadium] ([Id], [Name], [Location], [TeamId], [FirstGameDate], [LastGameDate]) VALUES (121, 'Honda Center', 'Anaheim, California', 121, '1993', NULL);
INSERT INTO [Stadium] ([Id], [Name], [Location], [TeamId], [FirstGameDate], [LastGameDate]) VALUES (122, 'Mullett Arena', 'Glendale, Arizona', 122, '2022', NULL);
INSERT INTO [Stadium] ([Id], [Name], [Location], [TeamId], [FirstGameDate], [LastGameDate]) VALUES (123, 'TD Garden', 'Boston, Massachusetts', 123, '1995', NULL);
INSERT INTO [Stadium] ([Id], [Name], [Location], [TeamId], [FirstGameDate], [LastGameDate]) VALUES (124, 'KeyBank Center', 'Buffalo, New York', 124, '1996', NULL);
INSERT INTO [Stadium] ([Id], [Name], [Location], [TeamId], [FirstGameDate], [LastGameDate]) VALUES (125, 'Scotiabank Saddledome', 'Calgary, Alberta, Canada', 125, '1983', NULL);
INSERT INTO [Stadium] ([Id], [Name], [Location], [TeamId], [FirstGameDate], [LastGameDate]) VALUES (126, 'PNC Arena', 'Raleigh, North Carolina', 126, '1999', NULL);
INSERT INTO [Stadium] ([Id], [Name], [Location], [TeamId], [FirstGameDate], [LastGameDate]) VALUES (127, 'United Center', 'Chicago, Illinois', 127, '1994', NULL);
INSERT INTO [Stadium] ([Id], [Name], [Location], [TeamId], [FirstGameDate], [LastGameDate]) VALUES (128, 'Pepsi Center', 'Denver, Colorado', 128, '1999', NULL);
INSERT INTO [Stadium] ([Id], [Name], [Location], [TeamId], [FirstGameDate], [LastGameDate]) VALUES (129, 'Nationwide Arena', 'Columbus, Ohio', 129, '2000', NULL);
INSERT INTO [Stadium] ([Id], [Name], [Location], [TeamId], [FirstGameDate], [LastGameDate]) VALUES (130, 'American Airlines Center', 'Dallas, Texas', 130, '2001', NULL);
INSERT INTO [Stadium] ([Id], [Name], [Location], [TeamId], [FirstGameDate], [LastGameDate]) VALUES (131, 'Little Caesars Arena', 'Detroit, Michigan', 131, '2017', NULL);
INSERT INTO [Stadium] ([Id], [Name], [Location], [TeamId], [FirstGameDate], [LastGameDate]) VALUES (132, 'Rogers Place', 'Edmonton, Alberta, Canada', 132, '2016', NULL);
INSERT INTO [Stadium] ([Id], [Name], [Location], [TeamId], [FirstGameDate], [LastGameDate]) VALUES (133, 'FLA Live Arena', 'Sunrise, Florida', 133, '1998', NULL);
INSERT INTO [Stadium] ([Id], [Name], [Location], [TeamId], [FirstGameDate], [LastGameDate]) VALUES (134, 'Crypto.com Arena', 'Los Angeles, California', 134, '1999', NULL);
INSERT INTO [Stadium] ([Id], [Name], [Location], [TeamId], [FirstGameDate], [LastGameDate]) VALUES (135, 'Xcel Energy Center', 'Saint Paul, Minnesota', 135, '2004', NULL);
INSERT INTO [Stadium] ([Id], [Name], [Location], [TeamId], [FirstGameDate], [LastGameDate]) VALUES (136, 'Bell Centre', 'Montreal, Quebec, Canada', 136, '1996', NULL);
INSERT INTO [Stadium] ([Id], [Name], [Location], [TeamId], [FirstGameDate], [LastGameDate]) VALUES (137, 'Bridgestone Arena', 'Nashville, Tennessee', 137, '1996', NULL);
INSERT INTO [Stadium] ([Id], [Name], [Location], [TeamId], [FirstGameDate], [LastGameDate]) VALUES (138, 'Prudential Center', 'Newark, New Jersey', 138, '2007', NULL);
INSERT INTO [Stadium] ([Id], [Name], [Location], [TeamId], [FirstGameDate], [LastGameDate]) VALUES (139, 'UBS Arena', 'Elmont, New York', 139, '1972', NULL);
INSERT INTO [Stadium] ([Id], [Name], [Location], [TeamId], [FirstGameDate], [LastGameDate]) VALUES (140, 'Madison Square Garden', 'New York City, New York', 140, '1968', NULL);
INSERT INTO [Stadium] ([Id], [Name], [Location], [TeamId], [FirstGameDate], [LastGameDate]) VALUES (141, 'Canadian Tire Centre', 'Ottawa, Ontario, Canada', 141, '1996', NULL);
INSERT INTO [Stadium] ([Id], [Name], [Location], [TeamId], [FirstGameDate], [LastGameDate]) VALUES (142, 'Wells Fargo Center', 'Philadelphia, Pennsylvania', 142, '1996', NULL);
INSERT INTO [Stadium] ([Id], [Name], [Location], [TeamId], [FirstGameDate], [LastGameDate]) VALUES (143, 'PPG Paints Arena', 'Pittsburgh, Pennsylvania', 143, '2010', NULL);
INSERT INTO [Stadium] ([Id], [Name], [Location], [TeamId], [FirstGameDate], [LastGameDate]) VALUES (144, 'SAP Center', 'San Jose, California', 144, '1993', NULL);
INSERT INTO [Stadium] ([Id], [Name], [Location], [TeamId], [FirstGameDate], [LastGameDate]) VALUES (145, 'Enterprise Center', 'St. Louis, Missouri', 145, '1994', NULL);
INSERT INTO [Stadium] ([Id], [Name], [Location], [TeamId], [FirstGameDate], [LastGameDate]) VALUES (146, 'Amalie Arena', 'Tampa, Florida', 146, '1996', NULL);
INSERT INTO [Stadium] ([Id], [Name], [Location], [TeamId], [FirstGameDate], [LastGameDate]) VALUES (147, 'Scotiabank Arena', 'Toronto, Ontario, Canada', 147, '1999', NULL);
INSERT INTO [Stadium] ([Id], [Name], [Location], [TeamId], [FirstGameDate], [LastGameDate]) VALUES (148, 'Rogers Arena', 'Vancouver, British Columbia, Canada', 148, '1995', NULL);
INSERT INTO [Stadium] ([Id], [Name], [Location], [TeamId], [FirstGameDate], [LastGameDate]) VALUES (149, 'T-Mobile Arena', 'Paradise, Nevada', 149, '2016', NULL);
INSERT INTO [Stadium] ([Id], [Name], [Location], [TeamId], [FirstGameDate], [LastGameDate]) VALUES (150, 'Capital One Arena', 'Washington, D.C.', 150, '1997', NULL);
INSERT INTO [Stadium] ([Id], [Name], [Location], [TeamId], [FirstGameDate], [LastGameDate]) VALUES (151, 'Canada Life Centre', 'Winnipeg, Manitoba, Canada', 151, '2004', NULL);
INSERT INTO [Stadium] ([Id], [Name], [Location], [TeamId], [FirstGameDate], [LastGameDate]) VALUES (152, 'Climate Pledge Arena', 'Seattle, Washington', 152, '2021', NULL);
SET identity_insert [Stadium] OFF

SET identity_insert [AttendedEvent] ON
INSERT INTO [AttendedEvent] ([Id], [UserId], [HomeTeamId], [AwayTeamId], [HomeTeamScore], [AwayTeamScore], [StadiumId], [Date], [Section], [Row], [Seat], [Overtime], [LengthOfOvertime], [Notes]) VALUES (1, 1, 2, 11, 5, 9, 2, '2021-10-31', '316', 'SRO', 'SRO', 0, NULL, 'World Series Game 5');
INSERT INTO [AttendedEvent] ([Id], [UserId], [HomeTeamId], [AwayTeamId], [HomeTeamScore], [AwayTeamScore], [StadiumId], [Date], [Section], [Row], [Seat], [Overtime], [LengthOfOvertime], [Notes]) VALUES (2, 1, 2, 11, 2, 0, 2, '2021-10-29', '333', '8', '24', 0, NULL, 'World Series Game 3');
INSERT INTO [AttendedEvent] ([Id], [UserId], [HomeTeamId], [AwayTeamId], [HomeTeamScore], [AwayTeamScore], [StadiumId], [Date], [Section], [Row], [Seat], [Overtime], [LengthOfOvertime], [Notes]) VALUES (3, 1, 2, 14, 5, 4, 2, '2021-10-17', '320', '1', '16', 0, NULL, 'NLCS Game 2 - Eddie Rosario walk off single!');
INSERT INTO [AttendedEvent] ([Id], [UserId], [HomeTeamId], [AwayTeamId], [HomeTeamScore], [AwayTeamScore], [StadiumId], [Date], [Section], [Row], [Seat], [Overtime], [LengthOfOvertime], [Notes]) VALUES (4, 1, 2, 14, 3, 2, 2, '2021-10-16', '318', '5', '10', 0, NULL, 'NLCS Game 1 - Austin Riley walkoff double!');
INSERT INTO [AttendedEvent] ([Id], [UserId], [HomeTeamId], [AwayTeamId], [HomeTeamScore], [AwayTeamScore], [StadiumId], [Date], [Section], [Row], [Seat], [Overtime], [LengthOfOvertime], [Notes]) VALUES (5, 1, 2, 16, 5, 4, 2, '2021-10-12', '147', '9', '1', 0, NULL, 'NLDS Game 4 - Freddie Freeman go-ahead HR in the 8th! Braves clinch NLCS berth!');
INSERT INTO [AttendedEvent] ([Id], [UserId], [HomeTeamId], [AwayTeamId], [HomeTeamScore], [AwayTeamScore], [StadiumId], [Date], [Section], [Row], [Seat], [Overtime], [LengthOfOvertime], [Notes]) VALUES (6, 1, 2, 15, 8, 7, 2, '2021-07-04', '318', '4', '5', 1, '10', 'Max Fried pinch-hit, extra-inning walk-off!');
SET identity_insert [AttendedEvent] OFF

SET identity_insert [FavoriteTeams] ON
INSERT INTO [FavoriteTeams] ([Id], [UserId], [TeamId]) VALUES (1, 1, 2);
INSERT INTO [FavoriteTeams] ([Id], [UserId], [TeamId]) VALUES (2, 1, 46);
INSERT INTO [FavoriteTeams] ([Id], [UserId], [TeamId]) VALUES (3, 1, 119);
INSERT INTO [FavoriteTeams] ([Id], [UserId], [TeamId]) VALUES (4, 1, 137);
INSERT INTO [FavoriteTeams] ([Id], [UserId], [TeamId]) VALUES (5, 2, 19);
INSERT INTO [FavoriteTeams] ([Id], [UserId], [TeamId]) VALUES (6, 2, 48);
INSERT INTO [FavoriteTeams] ([Id], [UserId], [TeamId]) VALUES (7, 2, 61);
INSERT INTO [FavoriteTeams] ([Id], [UserId], [TeamId]) VALUES (8, 2, 112);
INSERT INTO [FavoriteTeams] ([Id], [UserId], [TeamId]) VALUES (9, 2, 140);
SET identity_insert [FavoriteTeams] OFF